Row,mr,Overall,Prevent,Detect,Respond,Health,Norms,Risk,Covid,BUAPC,UP,MA,IM,GDP,HDI,IE,RE,CH,AL,OB,SM,CD,RBP,IN,BCG,ON,PL
Afghanistan,-3.26194569752034,3.18469251706084,23.5,44.8,2.86838428403424,4.58257569495584,7.50333259292163,542.89,4.31869765384049,4.97976455149237,649.995025,19.5,-3.86911550441687,6.21860011969173,-0.676756972627545,-1741.7560104676,-1.661400122337,-1.20415945787923,0.2,-3.47815842279828,23.5,3.10031214338668,5.53172667437573,-6,-4.58257569495584,3.61091791264422,4.05937628213875
Andorra,-2.73743866010171,3.12439988476312,27.9,14.2,3.12439988476312,3.03315017762062,5.69209978830308,6972.25,5.35213997377223,9.71463182892435,7754.915844,46.2,-0.993251773010283,10.618542985145,-0.313049516849971,-1649.03320160632,-3.1360398778598,-0.223606797749979,11,-2.50959926237837,33.8,2.58132576134807,4.32434966208793,-5.34789678284837,-2,3.49650756146648,2.36281276827292
Armenia,-3.89182029811063,3.68893700576474,56.7,60.8,3.81444181292656,5.06951674225463,7.07813534767456,2540.16,6.25332095678015,9.02793389308983,3987.796201,36.6,-2.39789527279837,8.43879912398823,-0.448330235429198,-1656.5328249087,-0.498303812527704,-0.921954445729289,5.5,-2.87356463957978,26.7,2.81471841433133,5.04975246918104,-6.66333249958307,-0,3.49650756146648,3.49741767082765
Australia,-4.24738013219687,4.22651405186008,68.9,97.3,4.03919795861678,7.96868872525461,8.77496438739212,6304.36,8.49174717681482,15.686319883357,7398.064144,37.5,-1.1314021114911,10.9133961239233,-0.130384048104053,-1648.97301372703,-1.49405290465942,-0.670820393249936,10.5,-2.18605127673809,16.2,2.08775947866345,3.89871773792359,-6.04979338490167,-2,3.2188758248682,2.1828679373078
Austria,-3.19115331030154,3.88196803832815,57.4,73.2,3.48428327126186,6.82641926635041,7.26636084983398,7157.16,7.20819297584433,11.5340890136152,3398.540209,44.5,-1.06471073699243,10.825302995053,-0.219089023002066,-1547.29247396864,0.371963798824929,-0.547722557505166,12,-2.87919845729804,29.1,2.25061711467713,4.58257569495584,-6.07453701939498,-2,2.56494935746154,2.5530834895227
Azerbaijan,-4.21202612139557,3.24595156656959,30.8,45,2.94338265844167,4.23083916026124,6.01664358259653,2937.64,4.87245365269914,10.101901825102,3100.2624,32.6,-2.95491027903374,8.47512041499433,-0.446094160463909,-1647.15208769561,-4.48439707442734,-1,4.4,-2.89037175789616,19.6,2.81050475771048,4.94974746830583,-6,-1.4142135623731,3.29583686600433,3.01643209212623
Belgium,-1.65822807660353,3.93649718310217,63.5,62.5,3.61648815426562,7.77817459305202,7.72657750883274,6115.24,7.69355604370964,11.8929499439374,9604.196001,41.6,-1.06471073699243,10.7389369245657,-0.2,-1574.5196092777,-1.00188300496052,-0.5,11.1,-2.76000994003292,25,2.25061711467713,4.18330013267038,-5.59464029227975,-2,3.09104245335832,2.57242146773829
Bangladesh,-4.215507396021,3.27106631018859,27.3,50.9,2.84798256733007,3.83405790253616,7.24568837309472,1936,5.99233226523793,6.01933772424342,1341.903424,27.9,-3.22286784613774,7.55433482372575,-0.589915248150105,-1648.97301372703,-0.586867476749747,-1.11803398874989,0,-3.53514535417189,39.1,2.78495330016767,4.96990945591567,-6.26099033699941,-0,3.91202300542815,4.13709620050175
Bosnia and Herzegovina,-3.46924794029043,3.49795799253531,36.7,41.7,3.72771973799832,6.18869937870632,6.14817045957576,2580.64,5.84360343875466,10.9256150928123,2327.580025,43.3,-1.6094379124341,8.71160799589757,-0.433589667773576,-1681.3797905292,-1.84259049065911,-0.921954445729289,7.1,-2.99573227355399,38.3,2.61099877121762,5.54977477020464,-6.44204936336256,-2,3.58351893845611,3.34260337938747
Bolivia,-2.72351442679979,3.29580121024344,44,33.1,3.07936344859417,3.86005181312376,6.96419413859206,2590.81,5.55546743225128,8.68636757741693,4819.830625,25.3,-3.08190996979504,8.17526610411206,-0.512835256198323,-1663.31957242137,-4.95679164179691,-0.974679434480896,4.4,-2.87356463957978,23.5,2.58132576134807,4.23083916026124,-6,-3,3.80666248977032,3.1098919612507
Central African Republic,-4.32583124582029,3.01107021100758,18,17.7,3.59855909413392,3.57770876399966,6.64830805543787,529,4.64924910511142,7.46274871386542,1710.980496,20,-4.43675153436313,6.14846829591765,-0.767463354173996,-1708.54089795943,-1.96434706085768,-1.18321595661992,2.4,-3.41444260841218,23.5,2.84798256733007,5.58569601750758,-7.25947656515261,-2,4.34380542185368,4.01910684417138
Canada,-2.40885428658809,4.22277873038094,70,96.4,3.93003330089383,8.22800097228968,8.64291617453276,6839.29,8.54709737649094,15.6151839197302,6627.750921,41.8,-1.45861502269952,10.7406268461048,-0.173205080756887,-1648.97301372703,-1.19214938556197,-0.707106781186548,8.9,-2.14006616349627,17.5,2.13997496113016,3.63318042491699,-6.19677335393187,-2,2.484906649788,1.90940933586969
Switzerland,-2.7658090352544,4.06154810044568,52.7,59.1,4.2962650098278,7.90569415042095,8.09938269252663,7430.44,7.98381984455717,11.7997620079153,5445.997209,42.7,-1.30833281965018,11.3144013528376,-0.109544511501033,-1568.15592336987,0.193330111083883,-0.591607978309961,11.5,-2.91235066461494,25.1,2.04879961451827,4.24264068711928,-6.58027355054484,-2,2.56494935746154,2.36589455868356
Chile,-3.56568407082008,3.87753909205444,56.2,72.7,3.91921266986404,6.26897120746299,7.17635004720366,4914.01,6.99667408672593,7.3203808040839,7667.454096,35.5,-1.82454929205105,9.60891512937959,-0.336154726279432,-1648.97301372703,-4.53498403026774,-0.774596669241483,9.1,-2.29253475714054,23.5,2.31458905452588,4.57165178026498,-6.35609943282828,-1.73205080756888,2.94443897916644,3.07486411767109
Cote d'Ivoire,-5.09334782679469,3.28656922572121,27.3,44.5,3.0968403463691,4.13521462562707,7.32120208708925,1823.29,5.03601968352722,7.12214390002758,2578.506841,20.3,-4.0842942263686,7.73455884435476,-0.681175454637056,-1661.05749448958,-4.95639276791728,-0.866025403784439,6.7,-2.76000994003292,23.5,3.07584417301533,4.86826457785523,-6,-2,3.66356164612965,3.2263895932769
Colombia,-3.40627274601907,3.53568926379501,37.2,41.7,3.51692482799883,5.85662018573853,7.75241897732572,2601,5.8286845186878,5.037185114764,6525.085284,31.2,-2.50143595173921,8.7690408108588,-0.457165178026498,-1648.97301372703,-7.39255699938331,-0.894427190999916,5.7,-2.74727091425549,7.9,2.5092987040931,4.38178046004133,-4.79583152331272,-3.16227766016838,3.36729582998647,2.83680511679312
Costa Rica,-4.28027173955891,3.55952609102092,44.2,56,3.32017031109669,4.97995983919549,6.56505902486794,5140.89,7.00303710797195,10.6598565712208,6294.8356,32.6,-2.02814824729229,9.41230114402249,-0.402492235949962,-1642.59307194448,-2.40702257447369,-0.894427190999915,4.9,-2.50143595173921,9.8,2.257178717737,4.32434966208793,-4.57165178026498,-2.64575131106459,3.52636052461616,2.7897885488268
Cuba,-3.27326022726598,3.27728508240258,41.4,10.5,2.95869311677058,6.11555394056826,7.05691150575094,3340.84,5.29899144600438,9.65038736744282,5934.699369,42.1,-1.30833281965018,9.08500388066489,-0.423083916026123,-1670.66214418116,-5.97861959795977,-1.04880884817015,5.8,-2.58776403522771,27.1,2.54066818554496,4.35889894354067,-5.48634668973808,-0,3.49650756146648,3.01054799151908
Cyprus,-4.0105964963071,3.50339806038672,46.4,44.9,3.23643259236457,4.67974358271904,7.00713921654194,4844.16,5.82301221571515,16.0906715890605,4463.5761,37.9,-0.641853886172395,10.234875457248,-0.294957624075052,-1641.3750333181,-0.0845512533109011,-0.632455532033675,10.8,-2.77881927199042,36.7,2.24401702659183,4.4497190922574,-4.75394572960189,-2,3.43398720448515,2.87245600012486
Czechia,-3.34680330959636,3.73251115681725,51.1,50.7,3.59855909413392,6.11555394056826,7.67463354173996,5476,6.61511678770243,12.1478430285792,5445.259264,43.3,-0.993251773010283,10.0645429115369,-0.260768096208106,-1615.25694550434,-3.88792049545418,-0.707106781186548,14.4,-2.47653840011748,31.5,2.46621207433047,5.2820450584977,-5.9916608715781,-2,3.09104245335832,2.80537054099848
Germany,-3.02068711244716,4.04124002062219,66.5,84.6,3.79833722265818,6.94262198308391,7.86765530510838,6773.29,7.97416806455941,13.6018944103369,5977.145344,47.8,-1.1314021114911,10.7420113186041,-0.141421356237309,-1648.97301372703,0.246613052551846,-0.447213595499957,12.9,-2.74727091425549,28,2.29577042466555,4.46094160463909,-4.97995983919549,-2,2.56494935746154,2.5086203516943
Djibouti,-4.47607339043143,2.85208629428482,16.3,17,2.85208629428482,3.04959013639538,6.02494813255683,1823.29,3.62605513775907,1.89089028632547,6049.261729,24.9,-3.90801498403061,8.1341742721379,-0.692820323027551,-1647.60765960832,0.630838528264288,-0.974679434480896,0.4,-3.19458313229916,23.5,2.69619949977585,5.17687164221791,-6,-2.44948974278318,3.76120011569356,3.79881150640656
Denmark,-2.96569376443476,4.12912046182547,72.9,86,3.87975482916067,7.98749021908634,7.91201617794099,6448.09,8.14053995780364,14.1243192905711,7721.839876,42,-1.28093384546206,10.9991287652593,-0.16431676725155,-1625.76566577105,-0.462741821950029,-0.387298334620741,10.3,-2.90142159408275,18.6,2.24401702659183,4.53872228716409,-6.20483682299543,-2,3.36729582998647,2.33037691416984
Egypt,-2.78573344797091,3.4170995551716,36.5,41.5,3.55689330449006,3.96232255123179,6.81175454637056,3306.25,6.03133579684077,5.68490636766341,1823.631616,24.1,-2.89591193827178,8.01301211036892,-0.509901951359279,-1705.65998956416,-1.40325687275382,-0.921954445729289,0.4,-1.77495235091167,21.4,3.02570504705218,5,-6,-2,3.13549421592915,4.443981964999
Spain,-2.01150743154113,4.03919795861678,52.9,83,3.95576256590773,7.72010362624751,7.81664889834512,5944.41,7.9968743894099,8.90773706998585,6451.463041,43.9,-0.916290731874155,10.2960025014687,-0.254950975679639,-1587.1710682847,-3.1360398778598,-0.670820393249936,12.7,-2.64617479738412,27.9,2.14722916901894,4.38178046004133,-6.34034699365894,-2,2.63905732961526,2.29412923291442
Estonia,-3.42248810447104,3.8485011312768,47.6,77.6,3.60882608013869,5.62138772902208,8.22192191643779,5372.89,7.3110292999883,11.7664869320881,4744.4544,43.7,-0.741937344729377,10.0715411375324,-0.291547594742265,-1643.03286637852,-3.70912692966011,-0.632455532033675,9.2,-2.81540871942271,30.5,2.57128159065824,5.23450093132096,-5.91607978309962,-2.64575131106459,3.40119738166216,1.93739234599336
Ethiopia,-4.15786795790452,3.43696685946538,36.8,33.7,3.54897146689578,5.3851648071345,8.1117199162693,1128.96,5.47454926502378,4.42270245828751,431.102169,19.8,-3.66612246699132,6.75460409948796,-0.702139587261678,-1602.84434677856,-0.215813864808707,-1.20415945787923,2.4,-3.50855589998265,4.6,2.63522092227424,5.50454357780915,-7.21803297304744,-3.74165738677394,3.40119738166216,3.64519887682487
Finland,-3.05504885071041,4.09561299545871,68.5,61.6,4.10552497263297,7.79743547584717,8.68331733843696,6577.21,8.52578914000165,11.357723866955,7290.085924,42.8,-0.336472236621213,10.7931467934094,-0.189736659610103,-1627.60928972527,-0.906657397643744,-0.591607978309961,10.8,-2.75366071235426,19.7,2.1687028852502,4.40454310910905,-7.09929573971954,-2,3.29583686600433,1.78963900438069
France,-1.4242255834433,4.08565280780468,71.2,75.3,3.97695077171243,7.80384520605067,7.65506368360186,6889,7.49240995251539,10.9176793312498,6471.237136,41.7,-1.22377543162212,10.6089090939715,-0.234520787991171,-1592.63178418616,-0.5991321462399,-0.547722557505166,12.3,-2.79116510781272,34.6,2.19668923502774,4.69041575982343,-6.1400325732035,-2,2.70805020110221,2.49629724411873
Gabon,-5.07698668711717,2.71441761659491,10.8,6.1,2.7412947864932,3.3466401061363,6.04152298679729,1831.84,3.64833452791629,8.62854764428522,7986.9969,21,-3.48737507790321,8.94468068355889,-0.503984126734166,-1644.02281006074,-3.45392102088647,-0.894427190999915,8.7,-3.13113691056019,23.5,2.43288079822936,5.04975246918104,-6.45755371638518,-3.46410161513775,3.8286413964891,3.77545862262118
United Kingdom,-1.76632457208023,4.27083197831935,68.3,87.3,4.51272120574188,7.73304597167248,9.01110426085505,5580.09,8.65295112770151,11.6062461621318,6955.226404,40.6,-1.28093384546206,10.6525423650344,-0.184390889145858,-1648.97301372703,-1.6628231577906,-0.447213595499957,11.4,-2.31253542384721,19.2,2.21722023096663,3.89871773792359,-5.57673739743947,-2,2.63905732961526,2.36570207265764
Georgia,-4.13181918839896,3.73251115681725,53.2,75,3.33522115286161,6.18869937870632,7.48331477354788,2641.96,6.52871640761295,7.55744717788355,3437.711424,38.6,-2.16332302566054,8.46989191829822,-0.419523539268061,-1664.06490258043,-2.92777441909702,-0.974679434480896,8.2,-2.78501124223834,29.7,2.92011383805892,5.12835256198323,-7,-1.4142135623731,3.2188758248682,3.11854937744445
Ghana,-5.02943188509028,3.28656922572121,32.2,40.5,3.15817979882819,4.83735464897913,6.16441400296898,2601,5.19460374292178,10.5903161142149,3142.7236,21.4,-3.55248682920838,7.69712131728263,-0.603324125159934,-1664.06490258043,-3.24116053442095,-1.24498995979887,2.8,-3.29583686600433,3.7,2.75013773414828,4.86826457785523,-6.72309452558864,-1,3.71357206670431,3.50531864446326
Guinea,-5.15278882927854,3.19778492538852,27,57.2,2.84386697985157,2.82842712474619,6.91375440697744,979.69,4.5194344066843,8.03174469241273,1306.0996,19.1,-4.17284762371004,6.96979066990159,-0.704982269280583,-1655.0262837792,-3.39256263125742,-1.24498995979887,1.1,-3.40784192438082,23.5,2.81891949282596,5.50454357780915,-7.24568837309472,-2,3.93182563272433,3.22107650080363
Greece,-2.76940569567966,3.77509100258671,54.2,78.4,3.53034833532606,6.13188388670236,7.00713921654194,3387.24,6.90622740803503,9.91822104352893,6250.167364,45.3,-1.28093384546206,9.88241712191684,-0.293257565972304,-1673.05469127581,-0.555966536048191,-0.806225774829855,10.2,-2.56494935746154,39.1,2.31458905452588,4.37035467668243,-5.41294744108974,-2,3.40119738166216,2.81255155088271
Guatemala,-3.32868884116271,3.19778492538852,21.2,50,2.92401773821287,3.37638860322683,6.49615270756469,2410.81,5.15528966152755,8.32488833371956,2606.510916,23.2,-3.09557760852371,8.43814998407579,-0.553172667437573,-1662.88454199322,-6.05383882892979,-1.11803398874989,2.4,-2.81540871942271,23.5,2.4607193789209,4.60434577328853,-5.46808924579693,-3.3166247903554,3.63758615972639,3.21839221955
Croatia,-3.07856827913314,3.76335975540232,55.2,72.3,3.18797570754783,6.81909084849293,7.00713921654194,4651.24,6.9350848804359,12.4782722750788,3242.960809,43.9,-1.38629436111989,9.60595714402953,-0.353553390593274,-1661.05869854139,-3.94514068366984,-0.774596669241483,9.2,-2.60268968544438,36.6,2.55606655048144,5.69209978830308,-5.9916608715781,-1,3.2188758248682,2.9037633538679
Haiti,-3.63124212944487,3.15817979882819,31.5,48.3,2.76329648825463,3.25576411921994,6.95701085237043,835.21,5.62016075362189,7.23133817208821,3055.657284,24.1,-3.90197266957464,6.62671774924902,-0.676756972627545,-1701.20898187142,-9.55242868388297,-1.20415945787923,2.7,-2.72129542785223,8.3,2.98136597887185,4.94974746830583,-6,-4,4.40671924726425,2.73290502817738
Hungary,-1.8219504415072,3.77976314968462,56.4,55.5,3.73729030564404,6.04979338490167,7.67463354173996,4651.24,7.16492895265206,12.7875447312219,5090.965201,43.6,-1.28093384546206,9.70966005555597,-0.343511280746353,-1639.8515176686,-2.78349232702698,-0.670820393249936,11.3,-2.4423470353692,30.6,2.84386697985157,5.47722557505166,-5.33853912601566,-0,3.09104245335832,2.78637407026498
India,-4.2218034975722,3.5959831740739,34.9,47.4,3.74205726273154,6.53452370108182,6.9065186599328,2959.36,6.90843229550737,5.98936692763958,1158.0409,28.7,-3.39785848039664,7.6515955738576,-0.562138772902208,-1648.97301372703,-4.24497452712282,-1.09544511501033,5.5,-3.52636052461616,27,2.85617824579896,5.07937003968012,-5.74456264653803,-2.64575131106459,2.99573227355399,4.50605893443995
Ireland,-2.62019435966059,3.89299641587326,63.9,78,3.55952609102092,6.34034699365894,7.26636084983398,5990.76,7.11506415508915,13.1979320162668,3990.4489,37.8,-1.1314021114911,11.2729027588468,-0.134164078649987,-1612.79012893805,-2.10167312801601,-0.5,12.9,-2.53369681395743,23.6,2.17576711391712,4.43846820423443,-5.85662018573853,-2,3.2188758248682,2.13196013209801
Iran,-2.70805020110221,3.35310471806242,44.7,37.7,3.2300553687627,5.8821764679411,5.35723809439155,2530.09,6.33975778209485,7.38755009926836,5609.710404,31.7,-2.51769647261099,8.64839687703158,-0.397492138287036,-1730.34967564363,0.166587989456691,-0.670820393249936,1,-2.4932054526027,14,2.4552020523843,4.43846820423443,-5.81377674149945,-0,3.40119738166216,3.65979811561718
Iceland,-5.19202211639226,3.59082023348607,35.3,37.2,3.53034833532606,6.81175454637056,6.57267069006199,6593.44,7.20663806388999,9.40112281049982,8800.878969,37.1,-0.405465108108164,11.1116266657315,-0.144913767461894,-1648.39679689085,-1.84144399496467,-0.866025403784439,9.1,-2.77258872223978,13.8,2.08775947866345,4.43846820423443,-6,-2,2.94443897916644,1.89525740676369
Israel,-4.0755055423634,3.61648815426562,44,52.4,3.4170995551716,6.49615270756469,6.44204936336256,4733.44,6.73961525556937,9.72406704006096,8541.086724,30.4,-1.09861228866811,10.6837523544416,-0.230217288664427,-1633.7411055611,-1.58422090150607,-0.707106781186548,4.2,-2.46809953147162,25.5,2.12531713836522,4.07430975749267,-6,-2,2.89037175789616,3.07656347682162
Italy,-1.77235263278739,3.83041155219112,47.5,78.5,3.62157822172087,6.06630035524124,7.86765530510838,4290.25,6.82229273491834,13.0278238452608,4961.511844,46.5,-0.955511445027436,10.410003904714,-0.275680975041804,-1648.97301372703,-1.15884210819261,-0.5,7.8,-2.89037175789616,23.4,2.11791179212745,4.60434577328853,-5.05964425626941,-2,2.63905732961526,2.83564030161077
Jamaica,-3.72697432916662,3.07231682568585,20.1,24.3,2.91227456856365,3.16227766016838,6.56505902486794,3745.44,4.98532328699575,11.3828948812681,3099.594276,29.4,-2.51769647261099,8.62730241409627,-0.473286382647969,-1666.06422445235,-7.58351178115713,-1.04880884817015,4.2,-2.58021682959233,11,2.44965981671321,4.6690470119715,-5.86515131944607,-2.44948974278318,3.46573590279973,2.61741960736898
Jordan,-4.31809629357634,3.47878320959831,31.8,42.9,3.62918660169264,5.27257053058563,6.97137002317335,3113.64,6.44311982687334,8.67294894272415,8277.178441,23.5,-2.63188884013665,8.37332282099653,-0.470106370941726,-1633.40533854889,3.37445152974184,-0.806225774829855,0.7,-2.76000994003292,23.5,2.67773180032868,4.58257569495584,-7.42293742395825,-2.23606797749979,3.46573590279973,3.5029762437497
Japan,-2.88300717963396,3.91051294609405,49.3,70.1,3.77040726204197,6.82641926635041,8.36660026534076,5140.89,7.36569401182686,10.5338189837779,8393.491456,48.6,-0.587786664902119,10.6027907459074,-0.216794833886788,-1536.65610986974,-6.50174858096887,-0.632455532033675,8,-3.51452606696916,21.9,2.03279271362971,4.19523539268061,-5.61248608016091,-0,3.40119738166216,2.48897525096055
Kazakhstan,-4.13181918839896,3.43978635774331,58.8,28.2,2.98511141745701,5.29150262212918,7.26636084983398,3540.25,5.81278812164407,10.9733964471352,3297.975184,31.6,-2.17475172148416,9.18307194482199,-0.39496835316263,-1676.04057230128,-5.77623439737194,-0.836660026534075,4.8,-2.82731362192903,24.4,2.99257422705698,5.20576603392815,-6.28490254498827,-2,3.78418963391826,2.63018442801953
Kenya,-4.06339722244385,3.6113837181884,45.9,68.6,3.33522115286161,4.54972526643093,8.19145896650896,1656.49,6.21432346212796,4.80316504684954,730.6209,20,-3.42100000895834,7.50494206839617,-0.604979338490167,-1664.06490258043,-0.221584546512149,-1.11803398874989,2.8,-3.42751468997953,11.8,2.37520773806159,5.16720427310553,-7.18331399842719,-2,3.63758615972639,3.35506477762449
Kuwait,-5.07374594744103,3.58564240332808,40.9,47.5,3.68893700576474,6.04152298679729,6.49615270756469,3782.25,6.22190235904721,9.80577599101672,10000,29.7,-1.90210752639692,10.3744906821149,-0.391152144312159,-1587.92695046088,-4.13536457576828,-0.670820393249936,0,-2.76000994003292,22.1,2.59129236893962,4.85798312059645,-6,-0,3.09104245335832,4.10916108533586
Lithuania,-3.33168677783125,3.80295246076139,43.5,81.5,3.23643259236457,5.86515131944607,8.49117188614151,4596.84,7.26802159676445,11.5267087055673,4580.447041,44.5,-1.19392246847243,9.87591078476589,-0.313049516849971,-1697.94405090392,-2.77706398740313,-0.707106781186548,13.2,-2.45100509811232,27.1,2.74572338027716,5.41294744108974,-6.36396103067893,-1.73205080756888,3.40119738166216,2.4950445137983
Morocco,-4.00489242331702,3.52230651172327,34.6,56.8,3.72050943036845,5.43139024560011,5.71839138219832,3124.81,6.16231595514499,6.27795034429232,3900.377209,29.1,-2.95491027903374,8.07215530818825,-0.537587202228624,-1725.16897723093,-4.11741446888478,-0.974679434480896,0.7,-2.46809953147162,14.7,2.31458905452588,5.10881590977792,-6.38748776906852,-0,3.40119738166216,3.46306257952816
Monaco,-4.21900047716625,3.19778492538852,11.1,23.3,2.96249606840737,5.56776436283002,5.94138031100518,6905.61,5.56218761230532,9.91817555265584,10000,55.4,-0.955511445027436,12.1321085091854,-0,-1649.03320160632,-2.74634741103455,-0.866025403784439,6.7,-2.76000994003292,23.5,2.58132576134807,4.86826457785523,-6,-3.16227766016838,3.73766961828337,3.18687661393925
Moldova,-3.31678003984957,3.50068013993162,46.5,42.9,3.14475485547118,6.03324125159934,7.52994023880668,2218.41,6.39930851149461,12.8073948431365,1817.231641,37.7,-2.61006979274201,8.41161042884117,-0.505964425626941,-1651.07449862203,-4.15229632156735,-0.974679434480896,11.4,-2.94443897916644,25.3,2.92011383805892,5.45893762558247,-7.44983221287567,-1.73205080756888,3.36729582998647,2.80401467680828
Madagascar,-4.23309251140553,3.42279948159101,30.1,41.9,3.86642223319412,4.38178046004133,7.44311762637136,1049.76,6.07926568463394,5.34799449449978,1383.170481,20.3,-3.64283551561253,6.25766758788264,-0.661059755241536,-1651.24559045588,-8.72085017966253,-1.16189500386222,2,-3.48431228837266,28.9,2.83973944577827,5.30094331227943,-7.05691150575094,-2,3.68887945411394,3.12906811312176
Maldives,-5.39916772672798,3.23324712515631,21.8,25.5,3.42564233961016,4.25440947723653,6.74536878161602,3398.89,5.33676254697158,3.88985592019807,1584.676864,29.5,-2.00148000021012,9.28646773236373,-0.488876262463213,-1631.64364982063,-3.1360398778598,-0.866025403784439,2.2,-3.37758751602302,23.5,2.37520773806159,4.93963561409139,-6.05805249234438,-0,4.12713438504509,2.13549346350335
Mexico,-1.97362554890186,3.86195753842252,45.5,71.2,3.70357579805203,6.84835746730557,8.59651092013498,3249,6.91811714468512,8.14688712147161,6424.984336,29.3,-2.39789527279837,9.19654566095399,-0.426614580154031,-1737.5592076243,-4.34496798947912,-0.741619848709566,5,-2.19722457733622,13.9,2.50399361701224,4.43846820423443,-6.17251974480439,-1.73205080756888,3.25809653802148,3.07692185508545
North Macedonia,-2.82477447541035,3.39410744053,37,41.7,3.21077099650064,5.03984126734166,6.6932802122726,3329.29,6.17331111438121,10.3683611350107,3359.709369,39,-2.16332302566054,8.71489585024849,-0.446094160463909,-1650.48810962091,-3.92334651588768,-0.866025403784439,6.2,-2.7408400239252,23.5,2.72792240414759,5.33853912601566,-6,-1.4142135623731,3.13549421592915,3.41357550610734
Mali,-2.95501549235384,3.07231682568585,23.4,25.5,3.08987330293282,3.60555127546399,7.29383301152419,1030.41,4.15275839639758,7.10660380676312,1794.030736,16,-4.12713438504509,6.79234442747081,-0.727323861838727,-1708.54089795943,-2.0024557008843,-1.24498995979887,1.3,-3.37758751602302,12,2.90833905759545,5.70964096944808,-5.15751878329105,-4,3.78418963391826,3.63175312534749
Malta,-4.29523490236762,3.34120362514931,35,32.9,2.81891949282596,4.85798312059645,7.00713921654194,5227.29,4.97199051237755,12.3942507936139,8951.430544,42.3,-1.80828877117927,10.2892940229811,-0.279284800875379,-1647.60765960832,0.53458747137765,-0.591607978309961,8,-2.19722457733622,25.1,2.21041889918423,4.40454310910905,-5.02991053598372,-2,3.3322045101752,2.65118679080326
Montenegro,-3.55452552391476,3.52230651172327,36.5,55.4,3.17810575054884,5.43139024560011,7.3143694191639,3457.44,5.7074764437816,12.5646984927614,4463.976969,39.6,-0.832909122935104,9.08613676851688,-0.376828873628335,-1649.70057889303,-2.14407168670623,-0.806225774829855,11.5,-2.68102152871429,23.5,2.7412947864932,5.39444158370447,-6,-4,3.66356164612965,3.06056404067513
Mauritania,-3.77148298264915,3.01840536839884,9.9,39.5,2.89248948376222,4.12310562561766,6.02494813255683,1560.25,4.45604329412097,8.6275513596269,2880.683584,21,-3.94158180766969,7.42535788702715,-0.660302960768767,-1641.3744240727,0.608782698426356,-1.16189500386222,0,-3.22684399451738,23.5,2.62558565919638,5.6302753041037,-5.06951674225463,-3,3.40119738166216,3.83736490956874
Mauritius,-3.48993399629983,3.26794803726878,27.3,42.3,3.26794803726878,3.88587184554509,5.39444158370447,4382.44,5.99228431104264,10.2260453003104,1664.068849,36.3,-2.61006979274201,9.32402613638,-0.407430975749267,-1648.97301372703,-6.80691706198244,-0.836660026534075,4.3,-3.29953372788566,26.9,2.82728428812555,5,-6.09918027279076,-0,3.71357206670431,2.68364905934675
Malaysia,-4.08161325961534,3.96214283916725,51.4,73.2,3.94293990684533,7.55645419492503,7.64852927038918,5184,7.45214618473233,11.11488836921,5781.473296,29.2,-1.90210752639692,9.3426835589639,-0.392428337406972,-1571.34114691877,-0.968466990277275,-0.707106781186548,0.9,-3.10458667846607,21.8,2.58132576134807,4.78539444560216,-5.3103672189407,-1,2.77258872223978,2.79657773980424
Nigeria,-3.96581854293665,3.35606682624419,26.3,44.6,3.52499119760389,4.46094160463909,7.52994023880668,1135.69,5.7314418157525,7.98400935703927,2534.518336,18.6,-4.3267781604434,7.70975686445416,-0.651152823843988,-1737.5592076243,-4.05787469651832,-1.28452325786651,10.8,-3.36729582998647,4.8,2.82310808664309,4.88876262463213,-6.3166446789415,-2,4.0943445622221,4.21350694495658
Norway,-3.54715129428524,4.01246113968763,68.2,58.6,3.87532081977851,7.64852927038918,8.02496105909555,7586.41,7.86714395590856,11.5062385911731,6764.733504,39.5,-0.741937344729377,11.2308277708123,-0.0547722557505166,-1605.9613943056,0.0642189986624501,-0.5,7.4,-2.69462718077007,13,2.09537910634329,4.43846820423443,-5.94138031100518,-2,2.77258872223978,1.96355249272744
New Zealand,-4.21202612139557,3.77976314968462,55,36.7,3.87310000506878,6.72309452558864,7.70713954719908,5959.84,7.06781599848961,15.6799983741708,7488.825444,37.2,-1.54756250871601,10.6474228999282,-0.197484176581315,-1626.25612988852,-3.44803703930073,-0.632455532033675,10.6,-1.96009478404727,14.8,2.16159233294508,4.02492235949962,-4.9598387070549,-2,3.3322045101752,1.8114573982331
Pakistan,-3.78751878754751,3.28656922572121,24.1,41.7,3.38249363735134,4.46094160463909,7.04982269280583,1497.69,4.76620044340003,5.36732051433208,1344.395556,22,-4.04655389838575,7.20711885620776,-0.627694193059009,-1648.97301372703,-0.433383177445698,-1.04880884817015,0.3,-3.37758751602302,20,2.91227456856365,5.52268050859363,-5.7706152185014,-3.60555127546399,3.58351893845611,4.0757624713532
Panama,-3.82273205682722,3.52230651172327,40.5,44.6,3.59340355828611,5.92452529743945,5.94138031100518,4070.44,6.52070090020122,10.0362253405352,4584.508681,30.1,-2.57261223020711,9.6633885668225,-0.408656334834051,-1631.90440896518,-2.82520090673566,-0.894427190999915,8,-2.72129542785223,6.9,2.35133468772076,4.46094160463909,-6,-0,3.43398720448515,2.47381286569128
Portugal,-3.23142829093932,3.92138157604546,52.8,50.5,4.07564381913625,7.41619848709566,7.93725393319377,5975.29,7.7748489285689,10.8048037488887,4252.474521,44.6,-1.1314021114911,10.0495340534654,-0.330151480384384,-1658.04493304615,-3.87282042694189,-0.632455532033675,12,-2.83907846350861,27.9,2.23069910447562,4.93963561409139,-4.85798312059645,-2,2.99573227355399,2.12891477762166
Romania,-2.65307070973674,3.57784750395284,48.9,42.8,3.28038563778295,6.05805249234438,7.23878442834154,4316.49,6.33617601055886,9.42813673387642,2915.784004,42.5,-1.80828877117927,9.46653177733659,-0.380788655293195,-1757.58612875728,-3.84082198624005,-0.836660026534075,11.7,-2.73436750941958,25.5,2.77633109854556,5.47722557505166,-5.62138772902208,-1.73205080756888,3.3322045101752,2.69472490606237
Russia,-4.06943367184261,3.53835368776025,42.9,34.1,3.686485884109,6.13188388670236,7.2525857457875,2641.96,6.4080140198162,9.30337060653288,5540.271489,40.3,-1.80828877117927,9.35746643686648,-0.374165738677394,-1648.97301372703,-2.92604100687789,-0.774596669241483,11.2,-2.69462718077007,28.3,2.93953005893587,5.21536192416212,-7.06399320497974,-2,3.25809653802148,2.80079744636353
Saudi Arabia,-4.03959738386465,3.66675849173161,34.3,74.4,3.19452187728006,6.6932802122726,7.1133676975115,3564.09,6.79803047880815,10.5763882187635,7029.816336,30.8,-1.79175946922805,10.0493180007477,-0.320936130717624,-1648.97301372703,-7.16107144513836,-0.948683298050514,0.2,-2.76000994003292,16.6,2.54066818554496,4.82700735445887,-6,-1,3.25809653802148,4.46453956997521
Senegal,-3.85917376689371,3.35902371484531,25.4,35.1,3.56740117441337,4.30116263352131,7.54983443527075,2323.24,4.97048761455421,7.10552481089891,2227.084864,19.4,-3.45946628978613,7.27724772663148,-0.671565335615233,-1679.02144119722,-2.42915018512661,-1.20415945787923,0.8,-3.37073817417745,9.1,2.62558565919638,5.49545266561363,-6.62570750939098,-4,3.3322045101752,3.68400701629446
El Salvador,-3.51815703316333,3.53568926379501,22.1,73.9,3.47878320959831,5.01996015920445,7.10633520177595,2304,6.74421846907562,8.6939425183745,5187.312529,27.7,-2.46809953147162,10.1557626303566,-0.53103672189407,-1709.3291081591,-7.20377019292549,-1,3.9,-2.58776403522771,12.7,2.41014226417523,4.32434966208793,-6,-4.24264068711928,3.66356164612965,3.24379258092192
Serbia,-3.83232614989055,3.7396753032956,48.8,46.2,3.80525588498343,7.52329714952161,7.04982269280583,3504.64,6.77329950665822,10.3927945159134,3146.312464,43.4,-1.56861591791385,8.9095055129461,-0.411096095821889,-1642.89744049956,-0.808101237991283,-0.774596669241483,8.7,-2.79728133483015,40.6,2.67307486606019,5.43139024560011,-5.24404424085076,-1,3.3322045101752,3.23481219211755
Sweden,-2.55636561377015,4.16209275866274,81.1,86,3.97484210176689,7.02139587261678,8.44393273303382,7140.25,7.97009496763391,10.9977860717965,7644.179761,41.1,-0.78845736036427,10.8514707311428,-0.151657508881031,-1587.1710682847,0.881023961660271,-0.774596669241483,8.9,-2.85070650150373,28.8,2.08775947866345,4.39317652729776,-6.62570750939098,-2,3.04452243772342,1.83951916478989
Trinidad and Tobago,-2.60996244477346,3.32017031109669,28.1,14.7,3.50882128585544,4.86826457785523,7.42293742395825,4147.36,5.6301732277713,14.3110168793136,2828.537856,37.8,-2.79728133483015,9.75713141617478,-0.414728827066554,-1650.18514112811,-2.87753171444109,-0.948683298050514,6.7,-2.96010509591084,23.5,2.77199984174875,5.07937003968012,-5.3665631459995,-2,3.58351893845611,3.20191092915647
Tunisia,-3.56568407082008,3.2300553687627,31.7,26.3,3.39410744053,4.89897948556636,5.56776436283002,3102.49,4.89399115500706,10.1777397485886,4753.413025,32.7,-2.68102152871429,8.10711747075039,-0.470106370941726,-1655.0262837792,-4.69780913963575,-0.894427190999915,2.1,-2.39789527279837,26,2.52508087183385,4.81663783151692,-6.04979338490167,-2.64575131106459,3.43398720448515,3.61371644188958
Turkey,-4.57809100115137,3.74205726273154,56.9,45.6,3.65930571002297,6.76017751246223,8.01872807869178,3192.25,7.04888513235926,7.13413181997641,5646.470449,32.2,-2.2082744135228,9.10974625674048,-0.406201920231798,-1648.97301372703,1.48453737155213,-0.921954445729289,2,-1.75785791755237,29.3,2.52508087183385,4.50555213042752,-6.03324125159934,-1.73205080756888,3.55534806148941,3.78512515618082
Uruguay,-3.54715129428524,3.45660709642347,44,33.5,3.45660709642347,4.90917508345343,6.26897120746299,5595.04,6.46769158840762,10.5804484259884,9088.571556,35.5,-1.85629799036563,9.69214904667168,-0.389871773792358,-1653.51504377795,-4.48340243159305,-0.894427190999916,6.9,-2.30258509299405,21.8,2.55606655048144,4.54972526643093,-6.6783231428256,-1,3.49650756146648,2.25011865927388
Uzbekistan,-4.83296114918288,3.24911218352895,42.6,19.4,3.02934171527249,4,7.77817459305202,2284.84,4.67470571942431,9.49741733055887,2548.028484,30.1,-2.94968833505258,7.45298232946546,-0.49598387070549,-1662.35555763501,-2.77706398740313,-1.14017542509914,2.6,-3.05870707271538,12.3,2.90439286678185,5.05964425626941,-6.92098258919931,-1.73205080756888,3.46573590279973,3.3626274183386
Venezuela,-4.74150832964078,2.84386697985157,23.5,8.7,2.70077709684987,3.59165699921359,6.49615270756469,1459.24,3.38047129952268,6.56817626346918,7780.651264,30,-3.06339092202781,9.68377560652361,-0.441588043316392,-1648.97301372703,-1.44404765355737,-0.948683298050514,4.1,-2.50959926237837,23.5,2.62558565919638,4.31277173056957,-5.96657355607052,-2.64575131106459,3.63758615972639,2.87161546575039
South Africa,-3.68427704251248,3.79833722265818,44.8,81.5,3.8641911754378,5.74456264653803,6.8044103344816,3819.24,6.8566185828588,11.7547573989428,4402.986025,28,-3.3499040872746,8.61613313927114,-0.506951674225463,-1648.97301372703,-1.8807739192119,-1,9.5,-2.26176309847379,31.4,2.97007281769264,5.18652099195598,-5.3665631459995,-2,3.17805383034795,3.23992509419496
